id,sub_category_id,name,price,desc,img,created_at,updated_at,deleted_at
,1,Kaju Matter,150,A,Kaju Matter.jpg,,,
,16,IDLY sambar,50,P,IDLY sambar.jpg,,,
,16,MENDU VADA,50,P,MENDU VADA.jpg,,,
,13,GULAB JAMUN 500gr,140,M,GULAB JAMUN 500gr.jpg,,,
,16,HALF IDLY,25,P,HALF IDLY.jpg,,,
,16,RASAM IDLY,60,P,RASAM IDLY.jpg,,,
,16,DAL VADA,50,P,DAL VADA.jpg,,,
,16,I MV,50,P,I MV.jpg,,,
,16,D MV,50,P,D MV.jpg,,,
,16,I A V,50,P,I A V.jpg,,,
,16,ALU VADA,50,P,ALU VADA.jpg,,,
,12,LOLY POP ,5,L,LOLY POP .jpg,,,
,16,IDLY DHAI,80,P,IDLY DHAI.jpg,,,
,16,upma,50,P,upma.jpg,,,
,16,DHI VADA,70,P,DHI VADA.jpg,,,
,25,LEMON RICE,90,Y,LEMON RICE.jpg,,,
,16,DHAI RICE,100,P,DHAI RICE.jpg,,,
,18,CHEEZ SADA,90,R,CHEEZ SADA.jpg,,,
,18,CHEEZ MASALA DOSA,95,R,CHEEZ MASALA DOSA.jpg,,,
,18,OPEN MASALA,95,R,OPEN MASALA.jpg,,,
,18,GREEN DOSA,95,R,GREEN DOSA.jpg,,,
,18,SPRING DOSA,99,R,SPRING DOSA.jpg,,,
,18,COCONUT DOSA,95,R,COCONUT DOSA.jpg,,,
,18,SET DOSA,90,R,SET DOSA.jpg,,,
,18,WATER DOSA,90,R,WATER DOSA.jpg,,,
,18,MUNG DAL DOSA,90,R,MUNG DAL DOSA.jpg,,,
,17,SADA DOSA,50,Q,SADA DOSA.jpg,,,
,17,MASALA DOSA ,65,Q,MASALA DOSA .jpg,,,
,17,RAVA MASALA ,90,Q,RAVA MASALA .jpg,,,
,17,RAVA SADA,80,Q,RAVA SADA.jpg,,,
,17,MYSUR SADA,85,Q,MYSUR SADA.jpg,,,
,17,MYSUR MASALA,95,Q,MYSUR MASALA.jpg,,,
,17,PEPAR SADA,99,Q,PEPAR SADA.jpg,,,
,17,PEPAR MASALA,120,Q,PEPAR MASALA.jpg,,,
,17,PEPAR SADA BTTUR,120,Q,PEPAR SADA BTTUR.jpg,,,
,17,PEPAR MASALA .BT,140,Q,PEPAR MASALA .BT.jpg,,,
,17,SADA BUTTER,80,Q,SADA BUTTER.jpg,,,
,12,CHOKO BAR ,15,L,CHOKO BAR .jpg,,,
,19,PL UTTHAPP,60,S,PL UTTHAPP.jpg,,,
,19,MIX UTTHAPPA,75,S,MIX UTTHAPPA.jpg,,,
,19,MASALA UTTHAPPA,90,S,MASALA UTTHAPPA.jpg,,,
,19,BUTTR UTTHAPPA,90,S,BUTTR UTTHAPPA.jpg,,,
,19,CHEEZ UTTHAPA PLAIN,95,S,CHEEZ UTTHAPA PLAIN.jpg,,,
,19,ONIYA CHEEZ UTTHAPPA,99,S,ONIYA CHEEZ UTTHAPPA.jpg,,,
,17,BUTAR MASALA,90,Q,BUTAR MASALA.jpg,,,
,1,Mini thali,80,A,Mini thali.jpg,,,
,16,PLAIN DHIVADA,40,P,PLAIN DHIVADA.jpg,,,
,16,chatny 1 vati  20,20,P,chatny 1 vati  20.jpg,,,
,22,BHEAL PURI,50,V,BHEAL PURI.jpg,,,
,22,DHAI PURI,60,V,DHAI PURI.jpg,,,
,22,SEV PURI,60,V,SEV PURI.jpg,,,
,22,VADA PAV 1 PC,30,V,VADA PAV 1 PC.jpg,,,
,22,VADA PAV,50,V,VADA PAV.jpg,,,
,23,SP PAV BAJI,80,W,SP PAV BAJI.jpg,,,
,23,EXTRA PAV,7,W,EXTRA PAV.jpg,,,
,16,PLAIN IDLY ,30,P,PLAIN IDLY .jpg,,,
,9,PANNIR PAKODA,140,I,PANNIR PAKODA.jpg,,,
,23,FINGAR CHEPSS,90,W,FINGAR CHEPSS.jpg,,,
,20,VEG CHEESE PIZA,120,T,VEG CHEESE PIZA.jpg,,,
,20,JAIN PIZA,120,T,JAIN PIZA.jpg,,,
,20,PLAIN CHEESE PIZAA,130,T,PLAIN CHEESE PIZAA.jpg,,,
,20,MUSHRUM ONIYAN PIZA,140,T,MUSHRUM ONIYAN PIZA.jpg,,,
,20,ITELYAN PIZA,140,T,ITELYAN PIZA.jpg,,,
,24,VEG SANDWICH,50,X,VEG SANDWICH.jpg,,,
,24,VEG SANDWICH TOST,50,X,VEG SANDWICH TOST.jpg,,,
,24,VEG SANDWICH GREEL,60,X,VEG SANDWICH GREEL.jpg,,,
,24,VEG CHEEZ SANDWICH,60,X,VEG CHEEZ SANDWICH.jpg,,,
,24,VEG CHEEZ SANDWICH TOST,70,X,VEG CHEEZ SANDWICH TOST.jpg,,,
,24,VEG CHEZ SANDWICH GREEL,80,X,VEG CHEZ SANDWICH GREEL.jpg,,,
,24,CHEZ SANDWICHI,60,X,CHEZ SANDWICHI.jpg,,,
,24,CHEZ SANDWICH TOST,70,X,CHEZ SANDWICH TOST.jpg,,,
,24,CHEZ SANDWICH GREEL,80,X,CHEZ SANDWICH GREEL.jpg,,,
,24,CLUB SANDWICHI,90,X,CLUB SANDWICHI.jpg,,,
,24,JAM BREED,30,X,JAM BREED.jpg,,,
,24,BRED BUTTER,50,X,BRED BUTTER.jpg,,,
,21,LAIM WATER,30,U,LAIM WATER.jpg,,,
,21, Lassi/s&st/softdriks,40,U, Lassi/s&st/softdriks.jpg,,,
,21,LASSI SWEET,40,U,LASSI SWEET.jpg,,,
,21,LASSI KARA,40,U,LASSI KARA.jpg,,,
,21,CHASS,20,U,CHASS.jpg,,,
,21,SP LASSI,60,U,SP LASSI.jpg,,,
,21,ORENG JUICE,60,U,ORENG JUICE.jpg,,,
,21,MUSANBI JUICE,60,U,MUSANBI JUICE.jpg,,,
,3,GREEN SALAD,60,C,GREEN SALAD.jpg,,,
,3,PAINAPAL RAITH,60,C,PAINAPAL RAITH.jpg,,,
,3,BUNDHI RAITHA,60,C,BUNDHI RAITHA.jpg,,,
,3,VEG RAITHA,50,C,VEG RAITHA.jpg,,,
,3,CURD,40,C,CURD.jpg,,,
,3,FRIED PAPAD,20,C,FRIED PAPAD.jpg,,,
,3,ROSTED PAPAD,20,C,ROSTED PAPAD.jpg,,,
,3,MASALA PAPAD,40,C,MASALA PAPAD.jpg,,,
,3,CHEZ MASALA PAPAD,70,C,CHEZ MASALA PAPAD.jpg,,,
,1,KAJU METHI/ MALAI,150,A,KAJU METHI/ MALAI.jpg,,,
,1,KAJU KARI,150,A,KAJU KARI.jpg,,,
,1,VEG JAIPURI,120,A,VEG JAIPURI.jpg,,,
,1,VEG AMRUTSARI,130,A,VEG AMRUTSARI.jpg,,,
,1,MIX VEG,90,A,MIX VEG.jpg,,,
,1,VEG KOLAPURI,90,A,VEG KOLAPURI.jpg,,,
,1,VEG KADAI,100,A,VEG KADAI.jpg,,,
,1,VEG THAW MASALA,120,A,VEG THAW MASALA.jpg,,,
,1,VEG TUFANI,130,A,VEG TUFANI.jpg,,,
,1,PUNJABI THALI,110,A,PUNJABI THALI.jpg,,,
,1,PUNJABI THLI PERSEL,120,A,PUNJABI THLI PERSEL.jpg,,,
,1,DUM ALU PUNJABI,100,A,DUM ALU PUNJABI.jpg,,,
,1,STUFF SIMLA,120,A,STUFF SIMLA.jpg,,,
,1,SIMLA MUTER,120,A,SIMLA MUTER.jpg,,,
,1,STTUFF TOMATO MUTTR,120,A,STTUFF TOMATO MUTTR.jpg,,,
,1,BHINDI FRY,120,A,BHINDI FRY.jpg,,,
,1,CHAN MASALA,90,A,CHAN MASALA.jpg,,,
,1,GOBI MUTER,90,A,GOBI MUTER.jpg,,,
,1,ALU MUTER,90,A,ALU MUTER.jpg,,,
,1,ALU PALAK,90,A,ALU PALAK.jpg,,,
,1,ALU METHI,90,A,ALU METHI.jpg,,,
,1,ALU KOBI,90,A,ALU KOBI.jpg,,,
,1,JEERA ALU MUTER,90,A,JEERA ALU MUTER.jpg,,,
,1,SUKKA TOMATO BAJI,90,A,SUKKA TOMATO BAJI.jpg,,,
,2,PANNIR KOFTHA,140,B,PANNIR KOFTHA.jpg,,,
,2,CHEEZ KOFTHA,150,B,CHEEZ KOFTHA.jpg,,,
,2,KASHMIRI KOOFTH,150,B,KASHMIRI KOOFTH.jpg,,,
,2,MALAI KOFTHA,140,B,MALAI KOFTHA.jpg,,,
,2,VEG KOFTHA,130,B,VEG KOFTHA.jpg,,,
,2,NARGIS KOFTHA,140,B,NARGIS KOFTHA.jpg,,,
,4,SHAI PANNIR,140,D,SHAI PANNIR.jpg,,,
,4,PANIR PATIYALA,140,D,PANIR PATIYALA.jpg,,,
,4,PANIR BUT MASALA,120,D,PANIR BUT MASALA.jpg,,,
,4,PANIR TIKKA MASALA,130,D,PANIR TIKKA MASALA.jpg,,,
,4,PANIR KADAI,150,D,PANIR KADAI.jpg,,,
,4,PANIR MUTER,140,D,PANIR MUTER.jpg,,,
,4,PANIR BURJJI,150,D,PANIR BURJJI.jpg,,,
,4,PANIR KURMA,130,D,PANIR KURMA.jpg,,,
,4,PANIR PALAK,130,D,PANIR PALAK.jpg,,,
,4,PANIR CHANA,120,D,PANIR CHANA.jpg,,,
,4,PALAK CORN,120,D,PALAK CORN.jpg,,,
,4,PANIR TUFANI,150,D,PANIR TUFANI.jpg,,,
,4,PANIR GARLIK THAWA,150,D,PANIR GARLIK THAWA.jpg,,,
,4,PANIR THWA MASALA,150,D,PANIR THWA MASALA.jpg,,,
,5,DAL FRY,70,E,DAL FRY.jpg,,,
,5,DAL THDKA,90,E,DAL THDKA.jpg,,,
,5,HALF DAL FRY,40,E,HALF DAL FRY.jpg,,,
,5,DAL TADKA METHI,100,E,DAL TADKA METHI.jpg,,,
,4,HALF PANIR SABJI,70,D,HALF PANIR SABJI.jpg,,,
,6,THAW ROTI,10,F,THAW ROTI.jpg,,,
,6,THAVA ROTI. BT,15,F,THAVA ROTI. BT.jpg,,,
,6,BT PARATA,40,F,BT PARATA.jpg,,,
,6,PARATA,35,F,PARATA.jpg,,,
,27,TOMATO UTTHAPP,70,#N/A,TOMATO UTTHAPP.jpg,,,
,31,SADA DOSA,60,#N/A,SADA DOSA.jpg,,,
,1,punjabi tabal sales ,1,A,punjabi tabal sales .jpg,,,
,6,ALU PARATH,40,F,ALU PARATH.jpg,,,
,6,ALU PARATH BT,45,F,ALU PARATH BT.jpg,,,
,1,out dor order punjabi,1,A,out dor order punjabi.jpg,,,
,7,PANIR PULAV,110,G,PANIR PULAV.jpg,,,
,7,MUSHRUM BIRYANI,130,G,MUSHRUM BIRYANI.jpg,,,
,7,KASHMIRI BIRYANI,130,G,KASHMIRI BIRYANI.jpg,,,
,7,VEG BIRYANI,90,G,VEG BIRYANI.jpg,,,
,7,KASHMIRI PULAV,130,G,KASHMIRI PULAV.jpg,,,
,7,GREN PEAS PULAV,90,G,GREN PEAS PULAV.jpg,,,
,7,JERA RICE,60,G,JERA RICE.jpg,,,
,7,DAL KICHIDI,90,G,DAL KICHIDI.jpg,,,
,7,PALAK KICHDI,90,G,PALAK KICHDI.jpg,,,
,7,PLAIN RICE,50,G,PLAIN RICE.jpg,,,
,7,VEG  PULAV,90,G,VEG  PULAV.jpg,,,
,8,TOMATO SOUP,60,H,TOMATO SOUP.jpg,,,
,8,MANCHU SOUP,60,H,MANCHU SOUP.jpg,,,
,8,MANCHURYAN SOUP,60,H,MANCHURYAN SOUP.jpg,,,
,8,SWEET CORN SOUP,60,H,SWEET CORN SOUP.jpg,,,
,8,HOT &SOUR SUOP,60,H,HOT &SOUR SUOP.jpg,,,
,8,VEG CLEAR  SOUP,60,H,VEG CLEAR  SOUP.jpg,,,
,9,PAN CHILLY DRY,140,I,PAN CHILLY DRY.jpg,,,
,9,PAN CHILLY GRAYVI,140,I,PAN CHILLY GRAYVI.jpg,,,
,9,PANIR SEZWAN DRY,140,I,PANIR SEZWAN DRY.jpg,,,
,9,DRAGAN POTATO,120,I,DRAGAN POTATO.jpg,,,
,9,MUSHRUM GOLDEN FRY,150,I,MUSHRUM GOLDEN FRY.jpg,,,
,9,MUSHRUM CHILY DRY,140,I,MUSHRUM CHILY DRY.jpg,,,
,9,PANNIR MANCHURYAN DRY,140,I,PANNIR MANCHURYAN DRY.jpg,,,
,9,PANNIR MANCHURYAN GREVI,140,I,PANNIR MANCHURYAN GREVI.jpg,,,
,9,VEG HAKK NUDALS,90,I,VEG HAKK NUDALS.jpg,,,
,9,VEG SEZWAN NUDAL,90,I,VEG SEZWAN NUDAL.jpg,,,
,9,GOBI MANCHURYAN DRY,90,I,GOBI MANCHURYAN DRY.jpg,,,
,9,GOBI MANCHRYAN GRAVI,90,I,GOBI MANCHRYAN GRAVI.jpg,,,
,9,MANCHURYA DRY,90,I,MANCHURYA DRY.jpg,,,
,9,MANCHRYAN GRAVI,90,I,MANCHRYAN GRAVI.jpg,,,
,9,CHAINIC BHEL,90,I,CHAINIC BHEL.jpg,,,
,10,BABY CORN KADAI,140,J,BABY CORN KADAI.jpg,,,
,10,MASHURUM KADAI,150,J,MASHURUM KADAI.jpg,,,
,10,BAYB CORN PANIR KADAI,140,J,BAYB CORN PANIR KADAI.jpg,,,
,10,MASHURUM MASAL PALAK,150,J,MASHURUM MASAL PALAK.jpg,,,
,10,MASHRUM MUTER,150,J,MASHRUM MUTER.jpg,,,
,11,TRIPAL SEZWAN NUDAL /GRAVI,140,K,TRIPAL SEZWAN NUDAL /GRAVI.jpg,,,
,25,EXTRA BUTTER 20,20,Y,EXTRA BUTTER 20.jpg,,,
,11,"TRIPAL SEZ RICE ,MANCHURYAN",140,K,"TRIPAL SEZ RICE ,MANCHURYAN.jpg",,,
,11,VEG SEZWAN RICE,120,K,VEG SEZWAN RICE.jpg,,,
,11,VEG FRID RICE,120,K,VEG FRID RICE.jpg,,,
,11,MUSHURUM FRID RICE,120,K,MUSHURUM FRID RICE.jpg,,,
,11,MANCHURIYAN RICE,120,K,MANCHURIYAN RICE.jpg,,,
,11,MANCHURYAN NUDAL,120,K,MANCHURYAN NUDAL.jpg,,,
,12,VANILA ,25,L,VANILA .jpg,,,
,12,CHOCOLATE,40,L,CHOCOLATE.jpg,,,
,12,STROBERY,30,L,STROBERY.jpg,,,
,12,KESAR PISTA,35,L,KESAR PISTA.jpg,,,
,12,MANGO cup,25,L,MANGO cup.jpg,,,
,13,RAVA KESARI,50,M,RAVA KESARI.jpg,,,
,13,FRUT SALAD,80,M,FRUT SALAD.jpg,,,
,13,FRUT SALAD WITH ICE CREEM,80,M,FRUT SALAD WITH ICE CREEM.jpg,,,
,14,TEA,25,N,TEA.jpg,,,
,14,COFFIY,35,N,COFFIY.jpg,,,
,14,BORNVITA ,35,N,BORNVITA .jpg,,,
,14,HARLICS ,35,N,HARLICS .jpg,,,
,14,FILTER COFFEI,35,N,FILTER COFFEI.jpg,,,
,16,AMV,50,P,AMV.jpg,,,
,27,MENDU VADA,50,#N/A,MENDU VADA.jpg,,,
,19,ONIYAN UTHTTAPPA,75,S,ONIYAN UTHTTAPPA.jpg,,,
,19,TOMATO UTTHAPPA,75,S,TOMATO UTTHAPPA.jpg,,,
,19,ONIYAN TOMATO UTTHAPPA,75,S,ONIYAN TOMATO UTTHAPPA.jpg,,,
,19,ONIYAN CHILLY UTTHAPPA,75,S,ONIYAN CHILLY UTTHAPPA.jpg,,,
,14,MILK GLASS,40,N,MILK GLASS.jpg,,,
,23,EXTR CHOLA,40,W,EXTR CHOLA.jpg,,,
,16,HALF  MV,25,P,HALF  MV.jpg,,,
,16,HALF DV,25,P,HALF DV.jpg,,,
,5,BUTTER DAL FRY ,90,E,BUTTER DAL FRY .jpg,,,
,5,JAIN BTTUR DAL FRY,90,E,JAIN BTTUR DAL FRY.jpg,,,
,14,GREEN TEA,30,N,GREEN TEA.jpg,,,
,7,HALF JEERA RICE,40,G,HALF JEERA RICE.jpg,,,
,7,HALF PLAIN RICE,30,G,HALF PLAIN RICE.jpg,,,
,25,EXTRA CHEEZ 60,60,Y,EXTRA CHEEZ 60.jpg,,,
,25,EXTRA CHEEZ,30,Y,EXTRA CHEEZ.jpg,,,
,25,CHTNY 30,30,Y,CHTNY 30.jpg,,,
,25,SABAR 60,60,Y,SABAR 60.jpg,,,
,23,CHOLA BATORR,100,W,CHOLA BATORR.jpg,,,
,18,CHEZ MYSUR MASALA,120,R,CHEZ MYSUR MASALA.jpg,,,
,18, CHEZ MYSUAR SADA,110,R, CHEZ MYSUAR SADA.jpg,,,
,1,half veg sabji,50,A,half veg sabji.jpg,,,
,16,I DV MV,75,P,I DV MV.jpg,,,
,9,HALF MANCHURYAN,50,I,HALF MANCHURYAN.jpg,,,
,9,HALF AKK NUDAL,50,I,HALF AKK NUDAL.jpg,,,
,23,BAJI ONLY,50,W,BAJI ONLY.jpg,,,
,23,EX BHATORA 1,30,W,EX BHATORA 1.jpg,,,
,16,samar 1 vati,10,P,samar 1 vati.jpg,,,
,25,SAMBAR 30,30,Y,SAMBAR 30.jpg,,,
,16,DHAI VADA 1PC,40,P,DHAI VADA 1PC.jpg,,,
,16,I DV,50,P,I DV.jpg,,,
,16,A DV,50,P,A DV.jpg,,,
,21,APPEAL SHEK,60,U,APPEAL SHEK.jpg,,,
,21,PAINAPAL JUCEI,60,U,PAINAPAL JUCEI.jpg,,,
,21,MUSAMBI&PAINAPAL MIX JUCE,60,U,MUSAMBI&PAINAPAL MIX JUCE.jpg,,,
,14,COLD COFFEE,80,N,COLD COFFEE.jpg,,,
,18,open sada,80,R,open sada.jpg,,,
,30,SEZ FRID RICE,120,#N/A,SEZ FRID RICE.jpg,,,
,17,ONIYAN SADA,80,Q,ONIYAN SADA.jpg,,,
,25,SAMBAR ,10,Y,SAMBAR .jpg,,,
,18,ONIYAN RAVA SADA,90,R,ONIYAN RAVA SADA.jpg,,,
,18,ONIYAN RAVA MASALA,99,R,ONIYAN RAVA MASALA.jpg,,,
,9,MASHURUM MASALA,150,I,MASHURUM MASALA.jpg,,,
,25,SAMBAR 20,20,Y,SAMBAR 20.jpg,,,
,18, ONION  MY MASALA,100,R, ONION  MY MASALA.jpg,,,
,30,KAJU KARI,150,#N/A,KAJU KARI.jpg,,,
,30,VEZ CHEEZ PIZA,140,#N/A,VEZ CHEEZ PIZA.jpg,,,
,16,BUTER IDLY,70,P,BUTER IDLY.jpg,,,
,18,MASALA DOSA CUTTING,70,R,MASALA DOSA CUTTING.jpg,,,
,25,EXTRA DHI VATI,20,Y,EXTRA DHI VATI.jpg,,,
,25,SAMBAR RICE,80,Y,SAMBAR RICE.jpg,,,
,7,CURD RICE,90,G,CURD RICE.jpg,,,
,25,PULAV RAITH ..,70,Y,PULAV RAITH ...jpg,,,
,30,HAKK NUDAL,95,#N/A,HAKK NUDAL.jpg,,,
,25,"JEERA RICE,,",60,Y,"JEERA RICE,,.jpg",,,
,25,"PLAIN RICE,,",50,Y,"PLAIN RICE,,.jpg",,,
,25,DAL RICE,90,Y,DAL RICE.jpg,,,
,25,atta 60,60,Y,atta 60.jpg,,,
,25,atta 30,30,Y,atta 30.jpg,,,
,18,CHEEZ OPAN MASALA,120,R,CHEEZ OPAN MASALA.jpg,,,
,18,CHEEZ MYSUR SADA,110,R,CHEEZ MYSUR SADA.jpg,,,
,7,CHEEZ PULAV,140,G,CHEEZ PULAV.jpg,,,
,16,PLAIN DAL VADA,40,P,PLAIN DAL VADA.jpg,,,
,16,PLAIN M V,40,P,PLAIN M V.jpg,,,
,16,PLAIN A V,40,P,PLAIN A V.jpg,,,
,7,PANNIR BIRYANI,110,G,PANNIR BIRYANI.jpg,,,
,25,RASAM RICE,50,Y,RASAM RICE.jpg,,,
,17,SOUTH INDIAN PLATER,110,Q,SOUTH INDIAN PLATER.jpg,,,
,30,DAL FRI BTTUR,100,#N/A,DAL FRI BTTUR.jpg,,,
,26,HALF MUTER PANNIR,70,Z,HALF MUTER PANNIR.jpg,,,
,26,HALF VEG KOLA PURI,60,Z,HALF VEG KOLA PURI.jpg,,,
,26,HALF KAJU KARI,80,Z,HALF KAJU KARI.jpg,,,
,26,HALF MANCHRYAN DRY,50,Z,HALF MANCHRYAN DRY.jpg,,,
,30,MANCHURYAN DRY,95,#N/A,MANCHURYAN DRY.jpg,,,
,23,SP CHEESE PAV BAJI,110,W,SP CHEESE PAV BAJI.jpg,,,
,26,HALF VEG BIRYANI,60,Z,HALF VEG BIRYANI.jpg,,,
,26,HALF HAKK NUDALS,50,Z,HALF HAKK NUDALS.jpg,,,
,26,HALF CHANA MASALA,50,Z,HALF CHANA MASALA.jpg,,,
,30,MASHURUM KADAI,150,#N/A,MASHURUM KADAI.jpg,,,
,26,HALF VEG FRIED RICE,70,Z,HALF VEG FRIED RICE.jpg,,,
,26,HALF MANCHURYAN NUDAL,70,Z,HALF MANCHURYAN NUDAL.jpg,,,
,26,HALF JEERA RICE,40,Z,HALF JEERA RICE.jpg,,,
,30,PANNIR KADAI,150,#N/A,PANNIR KADAI.jpg,,,
,30,SHAI PANNIR,140,#N/A,SHAI PANNIR.jpg,,,
,29,IDLY SAMBAR,50,#N/A,IDLY SAMBAR.jpg,,,
,12,KAJU DRKSH C,25,L,KAJU DRKSH C.jpg,,,
,12,ALMUND CARNIWAL C,40,L,ALMUND CARNIWAL C.jpg,,,
,26,HALF DAL FRY,40,Z,HALF DAL FRY.jpg,,,
,26,HALF PLAIN RICE,30,Z,HALF PLAIN RICE.jpg,,,
,30,PANNIR BT MASALA,130,#N/A,PANNIR BT MASALA.jpg,,,
,23,CHEEZ PAV BAJI,100,W,CHEEZ PAV BAJI.jpg,,,
,20,S/ITALIYAN PIZA,150,T,S/ITALIYAN PIZA.jpg,,,
,16,PURI BAJI,100,P,PURI BAJI.jpg,,,
,26,HALF PANNIR CHILLY DRY,70,Z,HALF PANNIR CHILLY DRY.jpg,,,
,26,HALF VEG PULAV,50,Z,HALF VEG PULAV.jpg,,,
,13,GULAB JAMUN 1Kg,280,M,GULAB JAMUN 1Kg.jpg,,,
,26,HALF PLAIN PALAK,50,Z,HALF PLAIN PALAK.jpg,,,
,23,SP PAV BAJI,90,W,SP PAV BAJI.jpg,,,
,30,ITALIYAN PIZA,150,#N/A,ITALIYAN PIZA.jpg,,,
,13,GULAB JAMUN,40,M,GULAB JAMUN.jpg,,,
,30,PLIN PALAK,90,#N/A,PLIN PALAK.jpg,,,
,1,MINI THALI PARCEL,85,A,MINI THALI PARCEL.jpg,,,
,30,MASHRUM FRID RICE,140,#N/A,MASHRUM FRID RICE.jpg,,,
,18,MYSUR MASAL CUTTING,110,R,MYSUR MASAL CUTTING.jpg,,,
,26,HALF PANNIRTIKKA MASALA,70,Z,HALF PANNIRTIKKA MASALA.jpg,,,
,26,HALF PAN BTUR MASALA,70,Z,HALF PAN BTUR MASALA.jpg,,,
,26,HALE  SHAI PANNIR,80,Z,HALE  SHAI PANNIR.jpg,,,
,26,HALF MIX VEG,50,Z,HALF MIX VEG.jpg,,,
,26,HALF PALAK PANNIR,70,Z,HALF PALAK PANNIR.jpg,,,
,12,BUTTER SCOCH  C,25,L,BUTTER SCOCH  C.jpg,,,
,12,PINA LEMAN SUNDAY,30,L,PINA LEMAN SUNDAY.jpg,,,
,12,AMERICON NUT C,35,L,AMERICON NUT C.jpg,,,
,12,CHOKO  SUNDAY  C,30,L,CHOKO  SUNDAY  C.jpg,,,
,12,RAJ BOG  C,35,L,RAJ BOG  C.jpg,,,
,12,LONA VALA  C,40,L,LONA VALA  C.jpg,,,
,21,MANGO JUICE,40,U,MANGO JUICE.jpg,,,
,30,VEG FRID RICE,120,#N/A,VEG FRID RICE.jpg,,,
,17,ONIYAN MASALA DOSA,95,Q,ONIYAN MASALA DOSA.jpg,,,
,31,BUTER SADA,90,#N/A,BUTER SADA.jpg,,,
,17,SOUTH INDIAN PARSEL,1,Q,SOUTH INDIAN PARSEL.jpg,,,
,27,DAL VAD..,50,#N/A,DAL VAD...jpg,,,
,29,DAL VADA,50,#N/A,DAL VADA.jpg,,,
,21,MINARAL WATAR,20,U,MINARAL WATAR.jpg,,,
,17,CUTTING MASALA,70,Q,CUTTING MASALA.jpg,,,
,18,PARADI MASALA,90,R,PARADI MASALA.jpg,,,
,30,SIMLA MUTAR,100,#N/A,SIMLA MUTAR.jpg,,,
,30,SUKKA JERA ALU BAJI,100,#N/A,SUKKA JERA ALU BAJI.jpg,,,
,1,PLAIN PALAK,90,A,PLAIN PALAK.jpg,,,
,1,DUM ALU KASHMIRI,90,A,DUM ALU KASHMIRI.jpg,,,
,31,PALAK DOSA,99,#N/A,PALAK DOSA.jpg,,,
,27,MIX UTTHAP,70,#N/A,MIX UTTHAP.jpg,,,
,30,MANCHAV SUOP,70,#N/A,MANCHAV SUOP.jpg,,,
,7,HYDRABADHI BIRYANI,110,G,HYDRABADHI BIRYANI.jpg,,,
,30,PANNIR TIKKA MASALA,140,#N/A,PANNIR TIKKA MASALA.jpg,,,
,29,DHI VADA,80,#N/A,DHI VADA.jpg,,,
,29,UPMA,50,#N/A,UPMA.jpg,,,
,31,MY MASALA,95,#N/A,MY MASALA.jpg,,,
,27,I MV,50,#N/A,I MV.jpg,,,
,27,IDV,50,#N/A,IDV.jpg,,,
,27,halp IDLY,25,#N/A,halp IDLY.jpg,,,
,27,half MENDU VADA,25,#N/A,half MENDU VADA.jpg,,,
,30,DAL FRAI,80,#N/A,DAL FRAI.jpg,,,
,31,MY SADA,90,#N/A,MY SADA.jpg,,,
,31,MASALA DOSA,70,#N/A,MASALA DOSA.jpg,,,
,27,ONIYAN UTTHAP,70,#N/A,ONIYAN UTTHAP.jpg,,,
,20,S/VEG CHEEZ PIZA,140,T,S/VEG CHEEZ PIZA.jpg,,,
,30,PALAK PANNIR,130,#N/A,PALAK PANNIR.jpg,,,
,17,out dor order south indian,1,Q,out dor order south indian.jpg,,,
,31,PL UTTHAPPA BUTER,90,#N/A,PL UTTHAPPA BUTER.jpg,,,
,30,DAL KICHDI,100,#N/A,DAL KICHDI.jpg,,,
,25,PARCEL BAG,10,Y,PARCEL BAG.jpg,,,
,30,MANCHURYAN GRAVI,95,#N/A,MANCHURYAN GRAVI.jpg,,,
,31,PEPAR SADA DOSA ,99,#N/A,PEPAR SADA DOSA .jpg,,,
,30,TOMATO SUOP,70,#N/A,TOMATO SUOP.jpg,,,
,30,ALU PALAK,100,#N/A,ALU PALAK.jpg,,,
,30,VEG KOLA PURI,100,#N/A,VEG KOLA PURI.jpg,,,
,30,DAL THDKA,100,#N/A,DAL THDKA.jpg,,,
,29,CHASS,20,#N/A,CHASS.jpg,,,
,4,"CHEEZ BT MASALA,[ SABJI]",150,D,"CHEEZ BT MASALA,[ SABJI].jpg",,,
,30,FIX THALI PARCEL,120,#N/A,FIX THALI PARCEL.jpg,,,
,30,MINI THLI PARCEL,90,#N/A,MINI THLI PARCEL.jpg,,,
,30,MANCHURYAN FRID RICE,140,#N/A,MANCHURYAN FRID RICE.jpg,,,
,30,PALAK KICHIDI,100,#N/A,PALAK KICHIDI.jpg,,,
,29,LASSI KARA,40,#N/A,LASSI KARA.jpg,,,
,30,THAV ROTI,10,#N/A,THAV ROTI.jpg,,,
,30,THAVA ROTI BUTTER,15,#N/A,THAVA ROTI BUTTER.jpg,,,
,30,PARATA,40,#N/A,PARATA.jpg,,,
,30,PL RICE,60,#N/A,PL RICE.jpg,,,
,30,JEERA RICE,70,#N/A,JEERA RICE.jpg,,,
,30,PULAV RAITHA,70,#N/A,PULAV RAITHA.jpg,,,
,29,LASSI SWEET,40,#N/A,LASSI SWEET.jpg,,,
,30,VEG PULAV,100,#N/A,VEG PULAV.jpg,,,
,26,HALF ALU PALAK,50,Z,HALF ALU PALAK.jpg,,,
,18,S/N MASALA DOSA,95,R,S/N MASALA DOSA.jpg,,,
,25,EXTRA SABJI/DAL.,20,Y,EXTRA SABJI/DAL..jpg,,,
,29,EXTRA PAV,7,#N/A,EXTRA PAV.jpg,,,
,31,CHEEZ MASALA DOSA,105,#N/A,CHEEZ MASALA DOSA.jpg,,,
,29,parsel charg,30,#N/A,parsel charg.jpg,,,
,31,BUTER MASALA DOSA,100,#N/A,BUTER MASALA DOSA.jpg,,,
,31,BUTER ADD,30,#N/A,BUTER ADD.jpg,,,
,31,MIX UTTHAPPA,80,#N/A,MIX UTTHAPPA.jpg,,,
,19,PL CHEEZ UTTHAPPA,90,S,PL CHEEZ UTTHAPPA.jpg,,,
,25,PARSEL BAG ,5,Y,PARSEL BAG .jpg,,,
,30,veg BIRYANI,100,#N/A,veg BIRYANI.jpg,,,
,20,S/MASHURUM PIZA,150,T,S/MASHURUM PIZA.jpg,,,
,31,BUTTAR UTTHAPPA,110,#N/A,BUTTAR UTTHAPPA.jpg,,,
,29,DHAI VADA ,80,#N/A,DHAI VADA .jpg,,,
,29,PURI BAJI (4pc),100,#N/A,PURI BAJI (4pc).jpg,,,
